{"cameraMode":{"drawMode":0,"name":"Shaded","section":"Shading Mode"},"sceneLighting":true,"audioPlay":false,"sceneViewState":{"showFog":true,"showMaterialUpdate":true,"showSkybox":true,"showFlares":true,"showImageEffects":true,"showParticleSystems":true},"in2DMode":false,"pivot":{"x":-176.3536376953125,"y":-64.67837524414063,"z":-167.504150390625},"rotation":{"x":-0.09774979203939438,"y":0.8775129914283752,"z":-0.20251302421092988,"w":-0.42356163263320925},"size":694.6673583984375,"orthographic":false}